web_scraper_order,web_scraper_start_url,data,data2,data3,category,item_page_title,item_page_link,date,image,titreActu,descripActu,date_delete,secteur,localite
"1791170286-1","https://www.aip.ci/?s=Etablissement+%C3%A0+daloa","Côte d’Ivoire-AIP/ Education : des cours suspendus dans plusieurs établissements à Daloa après le décès d’un enseignant à un corridor","Daloa, 28 sept 2026 (AIP) – Les cours ont été suspendus lundi 28 septembre 2026 dans plusieurs établissements scolaires de…","28 septembre 2026","Non classé","","","","","","","","",""
"1791170313-2","https://www.aip.ci/?s=Etablissement+%C3%A0+daloa","Côte d’Ivoire – AIP/ Un ancien élève du lycée moderne 3 de Daloa réhabilite des salles de classe de l’établissement","Daloa, 09 jan 2023 (AIP) – Vassiriki Diarrassouba, un ancien élève du lycée moderne 3 de Daloa devenu cadre dans…","9 janvier 2024","Daloa","Côte d’Ivoire – AIP/ Un ancien élève du lycée moderne 3 de Daloa réhabilite des salles de classe de l’établissement","https://www.aip.ci/cote-divoire-aip-un-ancien-eleve-du-lycee-moderne-3-de-daloa-rehabilite-des-salles-de-classe-de-letablissement/","9 janvier 2024","https://www.aip.ci/wp-content/uploads/2024/01/Lycee-moderne-3-Daloa-e1704808801796.jpg","Côte d’Ivoire – AIP/ Un ancien élève du lycée moderne 3 de Daloa réhabilite des salles de classe de l’établissement","Daloa, 09 jan 2023 (AIP) – Vassiriki Diarrassouba, un ancien élève du lycée moderne 3 de Daloa devenu cadre dans l’administration publique, a procédé, lundi 8 janvier 2024, à la remise officielle d’un bâtiment de deux classes qu’il a fait réhabiliter sur fonds propres.
Lors la cérémonie de remise tenue en présence des autorités de la ville et de nombreux membres du corps de l’éducation nationale dans la région, M. Diarrassouba a expliqué que son action est une « reconnaissance » à l’établissement qu’il a fréquenté jusqu’en 2002.
« C’est pour nous un acte de reconnaissance que de contribuer à la réhabilitation de cet établissement, mais aussi de montrer l’exemple à nos élèves, leur dire que les personnalités qu’ils voient autour d’eux ont aussi fréquenté ces mêmes établissements ».
M. Diarrassouba, actuel chef de cabinet du président de l’Assemblée nationale, a obtenu le BAC série C au lycée moderne 3 de Daloa en 2002.
Le proviseur de l’établissement, Traoré Siaka, a chaleureusement remercié le donateur. Selon lui, le lycée n’a jamais été réhabilité depuis sa construction en 1966. Il est dans le délabrement avec des bâtiments vétustes, des toits qui coulent à la moindre pluie, des tables-bancs branlants…
Malgré ces conditions de travail défavorables à l’enseignement et à l’apprentissage scolaire, le lycée a réalisé un taux de réussite de 53 % à la session 2023 du baccalauréat, contre un taux national de 32 %.
« Cela veut dire que si nous sommes aidés, nous pouvons faire mieux », a-t-il laissé entendre.
(AIP)
kaem/fmo","Daloa","Éducation","Daloa"
"1791170360-3","https://www.aip.ci/?s=Etablissement+%C3%A0+daloa","Côte d’Ivoire – AIP/ Daloa : Le conseil régional offre 500 tables-bancs aux établissements primaires et secondaires de la région","Daloa, 18 mars 2024 (AIP) – Le conseil régional du Haut Sassandra a offert,  500 tables-bancs à la Direction régionale…","18 mars 2024","Daloa","Côte d’Ivoire – AIP/ Daloa : Le conseil régional offre 500 tables-bancs aux établissements primaires et secondaires de la région","https://www.aip.ci/cote-divoire-aip-daloa-le-conseil-regional-offre-500-tables-bancs-aux-etablissements-primaires-et-secondaires-de-la-region/","18 mars 2024","https://www.aip.ci/wp-content/uploads/2024/03/Conseil-reg-Tables-bancs.jpg","Côte d’Ivoire – AIP/ Daloa : Le conseil régional offre 500 tables-bancs aux établissements primaires et secondaires de la région","Daloa, 18 mars 2024 (AIP) – Le conseil régional du Haut Sassandra a offert,  500 tables-bancs à la Direction régionale de l’Education nationale et de l’Alphabétisation (DRENA) et promis 500 autres à la rentrée scolaire prochaine, à l’occasion d’une cérémonie organisée vendredi 15 mars 2024 dans l’enceinte du lycée Antoine Gauze de Daloa.
Le directeur régional de l’Education nationale et de l’Alphabétisation, Hien L. Georges, s’est dit « soulagé » de recevoir ce don qui va permettre à un millier d’élèves de s’assoir décemment pour suivre les cours.
Le déficit de tables-bancs est une préoccupation pour la DRENA de Daloa, à côtés de celui de salles de classe, a-t-il rappelé, expliquant que la politique d’école de qualité passe aussi par la disponibilité de salles de classe et leur équipement en tables-bancs.
Le conseil régional a, par ailleurs, ouvert des chantiers de construction de salles de classe dans plusieurs établissements d’enseignement primaire et secondaire de la région, a annoncé, son président, Mamadou Touré.
(AIP)
kaem/zaar","Daloa","Éducation","Daloa"
"1791170390-4","https://www.aip.ci/?s=Etablissement+%C3%A0+daloa","Côte d’Ivoire-AIP/ Enseignement technique : une mission d’inspection des établissements de la ville de Daloa","Daloa, 20 avr 2024 (AIP) – Des inspecteurs de l’Enseignement technique et de la Formation professionnelle séjournent depuis vendredi 19…","20 avril 2024","Daloa","Côte d’Ivoire-AIP/ Enseignement technique : une mission d’inspection des établissements de la ville de Daloa","https://www.aip.ci/cote-divoire-aip-enseignement-technique-une-mission-dinspection-des-etablissements-de-la-ville-de-daloa/","20 avril 2024","https://www.aip.ci/wp-content/uploads/2024/04/Inspection-Enseignement-techn.jpg","Côte d’Ivoire-AIP/ Enseignement technique : une mission d’inspection des établissements de la ville de Daloa","Daloa, 20 avr 2024 (AIP) – Des inspecteurs de l’Enseignement technique et de la Formation professionnelle séjournent depuis vendredi 19 avril 2024, à Daloa, dans le cadre d’une mission d’évaluation des établissements de cet ordre d’enseignement dans la ville.
Au nombre de 20, ces inspecteurs devraient évaluer l’aspect pédagogique et administratif de 14 établissements publics et privés durant deux jours, soit vendredi et samedi, a confié à l’AIP, le chef de la mission, Kouassi Miézan Arthur.
Dans la pratique, ils vont suivre le déroulement des cours théoriques et pratiques, vérifier la tenue des documents pédagogiques, s’assurer du respect des règles de fonctionnement par l’unité administrative de chacun des établissements.
« Il s’agit de relever ce qui marche bien pour l’encourager, mais aussi ce qui ne marche pas afin de donner des conseils pour l’améliorer », a déclaré M. Kouassi, qui souligne que l’objectif de la mission n’est pas de sanctionner, mais de rechercher la performance.
Toujours selon lui, le ministère de l’Enseignement technique, de la Formation professionnelle et de l’Apprentissage a pris la décision d’inspecter plus fréquemment tous les lycées et centres techniques et professionnels du pays dans une optique de performance. Ces inspections se feront de manière inopinée, a-t-il ajouté.
(AIP)
kaem/kam","Daloa","Éducation","Daloa"
"1791170421-5","https://www.aip.ci/?s=Etablissement+%C3%A0+daloa","Côte d’Ivoire – AIP/ Le DRENA de Daloa annonce la traque des « candidats libres officiels » et des établissements clandestins","Daloa, 06 sept 2024 (AIP) – Le directeur de l’Education nationale et de l’Alphabétisation de Daloa (DRENA), Hien L. George,…","6 septembre 2024","À LA UNE","Côte d’Ivoire – AIP/ Le DRENA de Daloa annonce la traque des « candidats libres officiels » et des établissements clandestins","https://www.aip.ci/cote-divoire-aip-le-drena-de-daloa-annonce-la-traque-des-candidats-libres-officiels-et-des-etablissements-clandestins/","6 septembre 2024","https://www.aip.ci/wp-content/uploads/2024/09/Drena_traque_candidats_libres_officiels-1.jpg","Côte d’Ivoire – AIP/ Le DRENA de Daloa annonce la traque des « candidats libres officiels » et des établissements clandestins","Daloa, 06 sept 2024 (AIP) – Le directeur de l’Education nationale et de l’Alphabétisation de Daloa (DRENA), Hien L. George, a annoncé son intention d’aller en guerre contre les « candidats libres officiels » et les établissements clandestins, lors de la réunion de rentrée qu’il a animée jeudi 5 septembre 2024 au Centre d’animation et de formation pédagogique (CAFOP) de la ville.
« C’est la tolérance zéro cette année. Il n’y aura pas de candidats libres officiels dans la direction régionale de Daloa. Nous allons les traquer, y compris les établissements clandestins », déclaré M. Hien.
Les candidats libres officiels sont des personnes non scolarisées que des établissements privés d’enseignement inscrivent au nombre de leurs candidats officiels aux examens scolaires, explique-t-on.
Cette pratique, en plus d’être irrégulière, contribue, avec les établissements clandestins, à tirer les résultats de la DRENA vers le bas du classement.
Les taux de réussite aux derniers examens officiels sont de 79,88 % au Certificat d’études primaires élémentaires (CEPE) contre 83,36 % au niveau national, 24,48 % au Brevet d’études du premier cycle (BEPC) contre 40,18 % au niveau national et 19,33 % au Baccalauréat contre 34,17 % au niveau national.
En 2023, la DRENA de Daloa a réalisé des taux de réussite de 66,92 % au CEPE, 23,92 % au BEPC et 18,91 % au baccalauréat.
Ces résultats demeurent « insatisfaisants » pour la communauté éducative de la DRENA en dépit de la légère amélioration.
(AIP)
kaem/fmo","Daloa","Éducation","Daloa"
"1791170437-6","https://www.aip.ci/?s=Etablissement+%C3%A0+daloa","Côte d’Ivoire – AIP/ Le DRENA de Daloa annonce la traque des « candidats libres officiels » et des établissements clandestins","Daloa, 06 sept 2024 (AIP) – Le directeur de l’Education nationale et de l’Alphabétisation de Daloa (DRENA), Hien L. George,…","7 septembre 2024","Daloa","Côte d’Ivoire – AIP/ Le DRENA de Daloa annonce la traque des « candidats libres officiels » et des établissements clandestins","https://www.aip.ci/cote-divoire-aip-le-drena-de-daloa-annonce-la-traque-des-candidats-libres-officiels-et-des-etablissements-clandestins-2/","7 septembre 2024","https://www.aip.ci/wp-content/uploads/2024/09/Drena_traque_candidats_libres_officiels-1.jpg","Côte d’Ivoire – AIP/ Le DRENA de Daloa annonce la traque des « candidats libres officiels » et des établissements clandestins","Daloa, 06 sept 2024 (AIP) – Le directeur de l’Education nationale et de l’Alphabétisation de Daloa (DRENA), Hien L. George, a annoncé son intention d’aller en guerre contre les « candidats libres officiels » et les établissements clandestins, lors de la réunion de rentrée qu’il a animée jeudi 5 septembre 2024 au Centre d’animation et de formation pédagogique (CAFOP) de la ville.
« C’est la tolérance zéro cette année. Il n’y aura pas de candidats libres officiels dans la direction régionale de Daloa. Nous allons les traquer, y compris les établissements clandestins », déclaré M. Hien.
Les candidats libres officiels sont des personnes non scolarisées que des établissements privés d’enseignement inscrivent au nombre de leurs candidats officiels aux examens scolaires, explique-t-on.
Cette pratique, en plus d’être irrégulière, contribue, avec les établissements clandestins, à tirer les résultats de la DRENA vers le bas du classement.
Les taux de réussite aux derniers examens officiels sont de 79,88 % au Certificat d’études primaires élémentaires (CEPE) contre 83,36 % au niveau national, 24,48 % au Brevet d’études du premier cycle (BEPC) contre 40,18 % au niveau national et 19,33 % au Baccalauréat contre 34,17 % au niveau national.
En 2023, la DRENA de Daloa a réalisé des taux de réussite de 66,92 % au CEPE, 23,92 % au BEPC et 18,91 % au baccalauréat.
Ces résultats demeurent « insatisfaisants » pour la communauté éducative de la DRENA en dépit de la légère amélioration.
(AIP)
kaem/fmo","Daloa","Éducation","Daloa"
"1791170443-7","https://www.aip.ci/?s=Etablissement+%C3%A0+daloa","Côte d’Ivoire – AIP/ Le Service de santé scolaire et universitaire de Daloa mène une campagne contre les addictions dans les établissements secondaires","Daloa, 15 mai 2025 (AIP) – Le Service de santé scolaire et universitaire – Santé adolescents et jeunes (SSSU-SAJ) Daloa…","15 mai 2025","Daloa","Côte d’Ivoire – AIP/ Le Service de santé scolaire et universitaire de Daloa mène une campagne contre les addictions dans les établissements secondaires","https://www.aip.ci/cote-divoire-aip-le-service-de-sante-scolaire-et-universitaire-de-daloa-mene-une-campagne-contre-les-addictions-dans-les-etablissements-secondaires/","15 mai 2025","https://www.aip.ci/wp-content/uploads/2025/05/Sensibilisation_addiction_daloa.jpg","Côte d’Ivoire – AIP/ Le Service de santé scolaire et universitaire de Daloa mène une campagne contre les addictions dans les établissements secondaires","Daloa, 15 mai 2025 (AIP) – Le Service de santé scolaire et universitaire – Santé adolescents et jeunes (SSSU-SAJ) Daloa 2 a conduit une campagne de sensibilisation sur les addictions dans plusieurs établissements secondaires de la ville du jeudi 08 au mardi 13 mai 2025.
Quatorze collèges et lycées ont été visités lors de cette campagne qui visait à informer les élèves sur les conséquences de la consommation de substances psychoactives.
Du lycée Khalil au lycée professionnel commercial, en passant par les collèges Antilope, Espérance, La Source, Principal, Elite, les lycées modernes 1, 2, 4, et 5, ainsi que le groupe Micromédia formation et les cours Orion, le médecin-chef du SSSU-SAJ Daloa 2, Dr Yao Aristide, a présenté les effets de ces substances sur le système nerveux.
Il a indiqué que la consommation de drogues ou de stupéfiants peut entraîner la dépendance, la dépression, des échecs scolaires, la délinquance, diverses maladies (dont les cancers) et parfois la mort.
Le médecin-chef a également rappelé que la consommation de drogue est interdite et réprimée par la loi, invitant les élèves à adopter des comportements responsables, notamment pendant les prochaines vacances scolaires.
Cette campagne de sensibilisation sur les addictions dans les établissements secondaires est une initiative du Programme national de lutte contre le tabagisme, la toxicomanie, l’alcoolisme et les autres addictions (PNLTA), inscrite dans son plan d’action opérationnel 2025.
Sa mise en œuvre à Daloa a bénéficié de l’appui des services des directions régionales en charge de l’éducation nationale, de la promotion de la jeunesse et de la santé.
(AIP)
Kaem/kp","Daloa","Éducation","Daloa"
"1791170462-8","https://www.aip.ci/?s=Etablissement+%C3%A0+daloa","Côte d’Ivoire – AIP/ Daloa : le directeur régional de l’Éducation nationale dénonce l’insécurité dans les établissements scolaires","Daloa, 13 sept 2025 (AIP) – Le Directeur régional de l’Education nationale et de l’Alphabétisation (DRENA) de Daloa, Hien L.…","13 septembre 2025","Daloa","Côte d’Ivoire – AIP/ Daloa : le directeur régional de l’Éducation nationale dénonce l’insécurité dans les établissements scolaires","https://www.aip.ci/cote-divoire-aip-daloa-le-directeur-regional-de-leducation-nationale-denonce-linsecurite-dans-les-etablissements-scolaires/","13 septembre 2025","https://www.aip.ci/wp-content/uploads/2025/09/Insecurite_ecoles.jpg","Côte d’Ivoire – AIP/ Daloa : le directeur régional de l’Éducation nationale dénonce l’insécurité dans les établissements scolaires","Daloa, 13 sept 2025 (AIP) – Le Directeur régional de l’Education nationale et de l’Alphabétisation (DRENA) de Daloa, Hien L. Georges, a dénoncé un état d’insécurité permanent dans les établissements scolaires de sa circonscription, lors de la traditionnelle réunion régionale de rentrée scolaire, mercredi 10 septembre 2025.
« L’insécurité persiste dans nos établissements. Cette année encore, on en a connu », s’est désolé M. Hien en rappelant l’assassinat d’un instituteur de l’école primaire publique de Neounoufla, un village de la sous-préfecture de Séïtifla (département de Vavoua), le 14 août par des personnes sous l’emprise de stupéfiants.
Cette insécurité se traduit, entres autres, par des vols de fils électriques dans les salles de classe en construction, des cambriolages de bureaux de directeurs d’école, des menaces d’enseignants, a poursuivi M. Hien,
Il a appelé à une plus grande prise en compte de la sécurité autour et à l’intérieur des écoles, des collèges et des lycées.
Depuis quelques années, la police a multiplié les séances de sensibilisation des élèves au civisme et à la lutte contre la drogue dans les établissements situés en ville.
(AIP)
kaem/zaar","Daloa","Éducation","Daloa"
"1791170472-9","https://www.aip.ci/?s=Etablissement+%C3%A0+daloa","Côte d’Ivoire – AIP / L’amicale des anciens élèves du lycée moderne 2 de Daloa s’engage avec l’établissement pour l’excellence","Daloa, 19 avr 2026 (AIP) – L’amicale des anciens élèves du lycée moderne 2 de Daloa a réaffirmé son engagement…","19 avril 2026","Daloa","Côte d’Ivoire – AIP / L’amicale des anciens élèves du lycée moderne 2 de Daloa s’engage avec l’établissement pour l’excellence","https://www.aip.ci/cote-divoire-aip-lamicale-des-anciens-eleves-du-lycee-moderne-2-de-daloa-sengage-avec-letablissement-pour-lexcellence/","19 avril 2026","https://www.aip.ci/wp-content/uploads/2026/04/Lycee_moderne2_80_ans-2.jpeg","Côte d’Ivoire – AIP / L’amicale des anciens élèves du lycée moderne 2 de Daloa s’engage avec l’établissement pour l’excellence","Daloa, 19 avr 2026 (AIP) – L’amicale des anciens élèves du lycée moderne 2 de Daloa a réaffirmé son engagement à accompagner l’établissement dans sa volonté de renouer avec l’excellence, samedi 18 avril 2026, à l’occasion des festivités marquant les 80 ans de son existence.
La volonté des anciens élèves de renforcer leur soutien à l’établissement a été exprimée tour à tour par la présidente de l’amicale, Karine Dawson, et la marraine Patricia Yao, directrice de cabinet de la Première Dame et ancienne présidente de l’amicale, représentée par la première vice-présidente, Pr Bosson Jocelyne, épouse Oné.
Ces déclarations ont été accompagnées de dons d’une valeur de 12 millions de francs CFA, fait par l’amicale après à une évaluation des besoins du moment réalisée par le proviseur du lycée 2 et son collègue du lycée 4, créé par scission intervenue en 2008.
Il s’agit, entre autres, de fauteuils de bureau, de chaises, d’ordinateurs et d’imprimantes, d’un photocopieur, de climatiseurs, de matériel d’entretien et de fournitures scolaires.
« Nous avons reçu du lycée, aujourd’hui nous pouvons donner », a déclaré Mme Bosson, soulignant la volonté des membres de l’amicale de soutenir le lycée tant dans son fonctionnement administratif que dans sa volonté d’améliorer le niveau des élèves.
L’amicale entend poursuivre son appui aux lycée 2 et 4 promouvoir l’excellence, en améliorant les conditions de travail du personnel et l’encadrement des élèves.
À cet effet, d’autres chantiers sont en cours ou ont été annoncés. On peut citer la clôture complète de l’établissement, la construction de 12 latrines, d’une bibliothèque moderne, d’une infirmerie et d’une salle d’archives.
Des actions ont déjà été menées par l’amicale, au nombre desquelles l’adduction d’eau potable et l’installation d’un cubitainer de stockage, l’ouverture d’une voie principale d’accès au lycée, des travaux d’assainissement ainsi que l’institution de prix pour distinguer chaque fin d’année les meilleurs élèves.
À l’origine, le lycée moderne 2 de Daloa était un petit séminaire catholique (1944), transformé en collège catholique en 1946. L’établissement est passé sous l’autorité de l’État de Côte d’Ivoire au cours de l’année scolaire 1972-1973. Il sera érigé en lycée en 2007, avant d’être scindé pour donner les lycées 2 et 4 actuels.
Selon le classement des établissements publics et privés, les deux établissements ont enregistré respectivement 162 admis sur 345 candidats présents, soit un taux de réussite de 46,96 %, et 94 admis sur 262 présents, soit un taux de réussite de 35,88 %, au baccalauréat 2025.
(AIP)
kaem/fmo","Daloa","Éducation","Daloa"
"1791170482-10","https://www.aip.ci/?s=Etablissement+%C3%A0+daloa","Côte d’Ivoire-AIP/ Un établissement privé d’enseignement supérieur de Daloa récompense les meilleurs élèves de la DRENAET","Daloa, 07 sept 2026 (AIP) – L’Institut national d’intelligence économique, numérique et commerciale (INEC), établissement privé d’enseignement supérieur implanté à…","7 septembre 2026","Daloa","Côte d’Ivoire-AIP/ Un établissement privé d’enseignement supérieur de Daloa récompense les meilleurs élèves de la DRENAET","https://www.aip.ci/cote-divoire-aip-un-etablissement-prive-denseignement-superieur-de-daloa-recompense-les-meilleurs-eleves-de-la-drenaet/","7 septembre 2026","https://www.aip.ci/wp-content/uploads/2026/09/Inec-recompense-meilleurs-eleves-1.jpeg","Côte d’Ivoire-AIP/ Un établissement privé d’enseignement supérieur de Daloa récompense les meilleurs élèves de la DRENAET","Daloa, 07 sept 2026 (AIP) – L’Institut national d’intelligence économique, numérique et commerciale (INEC), établissement privé d’enseignement supérieur implanté à Daloa, a récompensé, samedi 5 septembre 2026, les meilleurs élèves de la Direction régionale de l’Éducation nationale et de l’Enseignement technique (DRENAET) de Daloa au titre des derniers examens scolaires.
L’établissement a offert aux trois premiers de chacun des examens du Certificat d’études primaires élémentaires (CEPE), du Brevet d’études du premier cycle (BEPC) et du baccalauréat des fournitures scolaires, des enveloppes, des trophées et des contributions aux frais de scolarité, à quelques jours de la rentrée scolaire 2026-2027.
« Chaque année, nous distinguons les meilleurs élèves de la DRENAET (Direction régionale de l’Éducation nationale et de l’Enseignement technique, ndlr) de Daloa », a déclaré le directeur général et fondateur de l’INEC, Parfait Séri. Il a souligné que 65 élèves ont été récompensés depuis le lancement de cette initiative, qui en est à sa sixième édition.
Au-delà de la remise des récompenses, l’INEC assure le suivi du parcours de ses lauréats. M. Séri a ainsi fait savoir que deux élèves récompensés il y a trois ans ont intégré l’École polytechnique en France.
Le troisième adjoint au maire de Saïoua, Séri Zadi Désiré, représentant le député-maire Ibrahimi Loko, invité d’honneur de la cérémonie, a salué la reconnaissance des efforts scolaires par la direction de l’INEC, estimant qu’elle constitue un facteur de motivation pour les élèves.
Parmi les récipiendaires figure Goua Franck-Élie, distingué comme meilleur élève au BEPC de la DRENAET de Daloa. Ancien élève du collège Kirman de Daloa, il est admis à poursuivre ses études au lycée scientifique de Yamoussoukro.
Le jeune lauréat, qui a notamment bénéficié d’une prise en charge de ses fournitures scolaires pour l’année 2026-2027, a attribué sa réussite au travail et à la concentration. Il a appelé ses camarades à éviter les distractions et à rester concentrés sur leurs études.
(AIP)
kaem/fmo","Daloa","Éducation","Daloa"
